{
  "connectorName": "file",
  "operationName": "mergeFiles",
  "title": "Merge Files",
  "help": "<h1>Merge Files</h1><b>The mergeFiles operation merges multiple chunks into a single file.</b><br><br><ul><li><a href=\"https://ei.docs.wso2.com/en/latest/micro-integrator/references/connectors/file-connector/file-connector-config/\"> More Help </a></li></ul>",
  "elements": [
    {
      "type": "attributeGroup",
      "value": {
        "groupName": "General",
        "elements": [
          {
            "type": "attributeGroup",
            "value": {
              "groupName": "Basic",
              "elements": [
                {
                  "type": "attribute",
                  "value": {
                    "name": "source",
                    "displayName": "Source",
                    "inputType": "stringOrExpression",
                    "defaultValue": "",
                    "required": "true",
                    "helpTip": "The location of the file."
                  }
                },
                {
                  "type": "attribute",
                  "value": {
                    "name": "destination",
                    "displayName": "Destination",
                    "inputType": "stringOrExpression",
                    "defaultValue": "",
                    "required": "true",
                    "helpTip": "The location to write the file."
                  }
                },
                {
                  "type": "attribute",
                  "value": {
                    "name": "filePattern",
                    "displayName": "File Pattern",
                    "inputType": "stringOrExpression",
                    "defaultValue": "",
                    "required": "true",
                    "helpTip": "The pattern of the file to be read."
                  }
                }
              ]
            }
          }
        ]
      }
    }
  ]
}
